date,term_id,social_trend_name,underlying_topic,everme_category,is_mock,tw_collected,tw_tweet_count,tw_avg_retweets,tw_avg_likes,tw_top_retweets,tw_top_likes,yt_collected,yt_avg_vpd_90d,yt_top_vpd_90d,yt_avg_vpd_365d,yt_top_vpd_365d,gt_collected,gt_low_data_90d,gt_velocity_90d,gt_current_90d,gt_avg_90d,gt_low_data_365d,gt_velocity_365d,gt_avg_365d,tt_collected,tt_avg_plays,tt_top_plays,tt_avg_shares,tt_avg_diggs,tt_avg_comments
2025-11-01,akkermansia,Akkermansia,Gut Microbiome,Supplements,1,2025-11-01,20,0.33,1.2,7,29,2025-11-01,422,30232,325,30137,,,,,,,,,2025-11-01,10574,42224,147,491,14
2025-11-01,cold-plunge,Cold Plunge,Cold Thermogenesis,Wellness Therapies,1,2025-11-01,88,0.36,4.8,12,119,2025-11-01,8896,603981,8629,570897,,,,,,,,,2025-11-01,1438251,8941395,843,41568,997
2025-11-01,cortisol-face,Cortisol Face,Cortisol / Stress Hormones,Mental Wellness,1,2025-11-01,86,3.21,35.6,76,773,2025-11-01,5860,228028,2910,211438,,,,,,,,,2025-11-01,2179370,15911623,4919,86746,2203
2025-11-01,fiber-maxing,Fiber-maxing,Dietary Fiber,Diet & Nutrition,1,2025-11-01,26,0.3,19.2,4,365,2025-11-01,238,4494,558,13076,,,,,,,,,2025-11-01,221526,1034198,859,2582,83
2025-11-01,glp1-revolution,GLP-1 Revolution,GLP-1 Receptor Agonists,Prescription Medications,1,2025-11-01,3,0.38,0.6,3,11,2025-11-01,138,6412,174,5536,,,,,,,,,2025-11-01,128911,781100,853,5006,134
2025-11-01,methylene-blue,Methylene Blue,Cellular Energy,Supplements,1,2025-11-01,182,4.55,13.4,133,520,2025-11-01,946,21769,658,22083,,,,,,,,,2025-11-01,271981,999882,2528,9096,346
2025-11-01,mouth-taping,Mouth Taping,Nasal Breathing,Sleep & Recovery,1,2025-11-01,136,0.83,2.2,20,73,2025-11-01,9056,1258887,16905,1065979,,,,,,,,,2025-11-01,1220302,7892480,7795,41229,1282
2025-11-01,peptide-therapy,Peptide Therapy,Therapeutic Peptides,Advanced Medical Therapies,1,2025-11-01,36,0.1,0.8,5,30,2025-11-01,195,18155,208,16857,,,,,,,,,2025-11-01,56671,198995,440,2131,67
2025-11-01,red-light-therapy,Red Light Therapy,Photobiomodulation,Wellness Therapies,1,2025-11-01,30,0.33,2.0,9,57,2025-11-01,623,18429,426,18155,,,,,,,,,2025-11-01,165660,1635773,485,7533,143
2025-11-01,spermidine,Spermidine,Autophagy,Supplements,1,2025-11-01,17,1.11,12.9,17,136,2025-11-01,200,7754,275,7916,,,,,,,,,2025-11-01,16494,131229,52,653,24
2025-11-01,urolithin-a,Urolithin A,Mitochondrial Health,Supplements,1,2025-11-01,17,0.05,0.4,1,11,2025-11-01,173,5266,129,4827,,,,,,,,,2025-11-01,25634,157337,50,977,23
2025-11-01,wolverine-stack,Wolverine Stack,Peptides,Supplements,1,2025-11-01,20,0.04,0.5,4,26,2025-11-01,65,5086,62,5332,,,,,,,,,2025-11-01,12365,42471,164,509,12
2025-11-08,akkermansia,Akkermansia,Gut Microbiome,Supplements,1,2025-11-08,23,0.39,1.2,7,28,2025-11-01,422,30232,325,30137,,,,,,,,,2025-11-01,10574,42224,147,491,14
2025-11-08,cold-plunge,Cold Plunge,Cold Thermogenesis,Wellness Therapies,1,2025-11-08,101,0.36,4.7,13,106,2025-11-01,8896,603981,8629,570897,,,,,,,,,2025-11-01,1438251,8941395,843,41568,997
2025-11-08,cortisol-face,Cortisol Face,Cortisol / Stress Hormones,Mental Wellness,1,2025-11-08,94,3.58,41.0,105,868,2025-11-01,5860,228028,2910,211438,,,,,,,,,2025-11-01,2179370,15911623,4919,86746,2203
2025-11-08,fiber-maxing,Fiber-maxing,Dietary Fiber,Diet & Nutrition,1,2025-11-08,32,0.35,26.2,5,477,2025-11-01,238,4494,558,13076,,,,,,,,,2025-11-01,221526,1034198,859,2582,83
2025-11-08,glp1-revolution,GLP-1 Revolution,GLP-1 Receptor Agonists,Prescription Medications,1,2025-11-08,3,0.37,0.6,2,11,2025-11-01,138,6412,174,5536,,,,,,,,,2025-11-01,128911,781100,853,5006,134
2025-11-08,methylene-blue,Methylene Blue,Cellular Energy,Supplements,1,2025-11-08,193,4.96,15.0,118,490,2025-11-01,946,21769,658,22083,,,,,,,,,2025-11-01,271981,999882,2528,9096,346
2025-11-08,mouth-taping,Mouth Taping,Nasal Breathing,Sleep & Recovery,1,2025-11-08,133,0.74,2.2,20,80,2025-11-01,9056,1258887,16905,1065979,,,,,,,,,2025-11-01,1220302,7892480,7795,41229,1282
2025-11-08,peptide-therapy,Peptide Therapy,Therapeutic Peptides,Advanced Medical Therapies,1,2025-11-08,38,0.12,0.9,6,33,2025-11-01,195,18155,208,16857,,,,,,,,,2025-11-01,56671,198995,440,2131,67
2025-11-08,red-light-therapy,Red Light Therapy,Photobiomodulation,Wellness Therapies,1,2025-11-08,30,0.37,2.1,9,64,2025-11-01,623,18429,426,18155,,,,,,,,,2025-11-01,165660,1635773,485,7533,143
2025-11-08,spermidine,Spermidine,Autophagy,Supplements,1,2025-11-08,18,1.09,12.5,14,136,2025-11-01,200,7754,275,7916,,,,,,,,,2025-11-01,16494,131229,52,653,24
2025-11-08,urolithin-a,Urolithin A,Mitochondrial Health,Supplements,1,2025-11-08,18,0.06,0.5,1,13,2025-11-01,173,5266,129,4827,,,,,,,,,2025-11-01,25634,157337,50,977,23
2025-11-08,wolverine-stack,Wolverine Stack,Peptides,Supplements,1,2025-11-08,20,0.04,0.6,4,27,2025-11-01,65,5086,62,5332,,,,,,,,,2025-11-01,12365,42471,164,509,12
2025-11-15,akkermansia,Akkermansia,Gut Microbiome,Supplements,1,2025-11-15,23,0.37,1.3,8,34,2025-11-01,422,30232,325,30137,2025-11-15,0,0.036,14,13,0,0.034,17,2025-11-15,12494,43620,142,559,20
2025-11-15,cold-plunge,Cold Plunge,Cold Thermogenesis,Wellness Therapies,1,2025-11-15,87,0.34,5.1,12,113,2025-11-01,8896,603981,8629,570897,2025-11-15,0,0.075,46,37,0,-0.013,62,2025-11-15,1789130,9682208,850,45040,887
2025-11-15,cortisol-face,Cortisol Face,Cortisol / Stress Hormones,Mental Wellness,1,2025-11-15,127,4.2,41.2,97,957,2025-11-01,5860,228028,2910,211438,2025-11-15,0,-0.015,26,55,0,0.055,79,2025-11-15,3331699,19309449,6362,103884,2379
2025-11-15,fiber-maxing,Fiber-maxing,Dietary Fiber,Diet & Nutrition,1,2025-11-15,32,0.36,26.4,5,507,2025-11-01,238,4494,558,13076,2025-11-15,1,0.0,0,0,1,0.0,0,2025-11-15,285188,1608888,851,3962,111
2025-11-15,glp1-revolution,GLP-1 Revolution,GLP-1 Receptor Agonists,Prescription Medications,1,2025-11-15,4,0.41,0.7,3,13,2025-11-01,138,6412,174,5536,2025-11-15,0,0.026,16,10,0,0.044,3,2025-11-15,200666,1226115,924,7363,173
2025-11-15,methylene-blue,Methylene Blue,Cellular Energy,Supplements,1,2025-11-15,158,4.52,12.9,126,463,2025-11-01,946,21769,658,22083,2025-11-15,0,-0.064,99,92,0,-0.459,100,2025-11-15,272245,832653,2368,11544,373
2025-11-15,mouth-taping,Mouth Taping,Nasal Breathing,Sleep & Recovery,1,2025-11-15,131,0.74,2.2,19,69,2025-11-01,9056,1258887,16905,1065979,2025-11-15,0,-0.006,76,78,0,-0.135,89,2025-11-15,1202512,8298750,6113,53788,1064
2025-11-15,peptide-therapy,Peptide Therapy,Therapeutic Peptides,Advanced Medical Therapies,1,2025-11-15,43,0.13,0.9,6,34,2025-11-01,195,18155,208,16857,2025-11-15,0,0.013,12,11,0,0.123,16,2025-11-15,89695,173898,665,2826,64
2025-11-15,red-light-therapy,Red Light Therapy,Photobiomodulation,Wellness Therapies,1,2025-11-15,37,0.4,2.0,12,59,2025-11-01,623,18429,426,18155,2025-11-15,0,0.039,18,17,0,0.147,16,2025-11-15,234921,1745856,587,8001,229
2025-11-15,spermidine,Spermidine,Autophagy,Supplements,1,2025-11-15,18,1.32,12.5,17,147,2025-11-01,200,7754,275,7916,2025-11-15,0,0.097,16,12,0,0.114,24,2025-11-15,22472,98385,59,697,21
2025-11-15,urolithin-a,Urolithin A,Mitochondrial Health,Supplements,1,2025-11-15,23,0.07,0.5,1,14,2025-11-01,173,5266,129,4827,2025-11-15,0,0.099,13,8,0,0.065,13,2025-11-15,38874,154027,53,1268,23
2025-11-15,wolverine-stack,Wolverine Stack,Peptides,Supplements,1,2025-11-15,21,0.05,0.7,5,30,2025-11-01,65,5086,62,5332,2025-11-15,0,0.032,10,8,0,0.046,4,2025-11-15,14054,68429,162,605,15
2025-11-22,akkermansia,Akkermansia,Gut Microbiome,Supplements,1,2025-11-22,27,0.44,1.6,8,34,2025-11-01,422,30232,325,30137,2025-11-15,0,0.036,14,13,0,0.034,17,2025-11-15,12494,43620,142,559,20
2025-11-22,cold-plunge,Cold Plunge,Cold Thermogenesis,Wellness Therapies,1,2025-11-22,86,0.4,5.5,13,122,2025-11-01,8896,603981,8629,570897,2025-11-15,0,0.075,46,37,0,-0.013,62,2025-11-15,1789130,9682208,850,45040,887
2025-11-22,cortisol-face,Cortisol Face,Cortisol / Stress Hormones,Mental Wellness,1,2025-11-22,132,4.85,49.4,128,1184,2025-11-01,5860,228028,2910,211438,2025-11-15,0,-0.015,26,55,0,0.055,79,2025-11-15,3331699,19309449,6362,103884,2379
2025-11-22,fiber-maxing,Fiber-maxing,Dietary Fiber,Diet & Nutrition,1,2025-11-22,37,0.4,29.9,6,552,2025-11-01,238,4494,558,13076,2025-11-15,1,0.0,0,0,1,0.0,0,2025-11-15,285188,1608888,851,3962,111
2025-11-22,glp1-revolution,GLP-1 Revolution,GLP-1 Receptor Agonists,Prescription Medications,1,2025-11-22,4,0.45,0.8,3,15,2025-11-01,138,6412,174,5536,2025-11-15,0,0.026,16,10,0,0.044,3,2025-11-15,200666,1226115,924,7363,173
2025-11-22,methylene-blue,Methylene Blue,Cellular Energy,Supplements,1,2025-11-22,180,4.72,13.1,118,477,2025-11-01,946,21769,658,22083,2025-11-15,0,-0.064,99,92,0,-0.459,100,2025-11-15,272245,832653,2368,11544,373
2025-11-22,mouth-taping,Mouth Taping,Nasal Breathing,Sleep & Recovery,1,2025-11-22,137,0.78,2.2,18,67,2025-11-01,9056,1258887,16905,1065979,2025-11-15,0,-0.006,76,78,0,-0.135,89,2025-11-15,1202512,8298750,6113,53788,1064
2025-11-22,peptide-therapy,Peptide Therapy,Therapeutic Peptides,Advanced Medical Therapies,1,2025-11-22,41,0.14,1.0,6,38,2025-11-01,195,18155,208,16857,2025-11-15,0,0.013,12,11,0,0.123,16,2025-11-15,89695,173898,665,2826,64
2025-11-22,red-light-therapy,Red Light Therapy,Photobiomodulation,Wellness Therapies,1,2025-11-22,36,0.42,2.2,11,65,2025-11-01,623,18429,426,18155,2025-11-15,0,0.039,18,17,0,0.147,16,2025-11-15,234921,1745856,587,8001,229
2025-11-22,spermidine,Spermidine,Autophagy,Supplements,1,2025-11-22,18,1.24,12.8,15,141,2025-11-01,200,7754,275,7916,2025-11-15,0,0.097,16,12,0,0.114,24,2025-11-15,22472,98385,59,697,21
2025-11-22,urolithin-a,Urolithin A,Mitochondrial Health,Supplements,1,2025-11-22,23,0.07,0.5,2,14,2025-11-01,173,5266,129,4827,2025-11-15,0,0.099,13,8,0,0.065,13,2025-11-15,38874,154027,53,1268,23
2025-11-22,wolverine-stack,Wolverine Stack,Peptides,Supplements,1,2025-11-22,25,0.05,0.6,5,30,2025-11-01,65,5086,62,5332,2025-11-15,0,0.032,10,8,0,0.046,4,2025-11-15,14054,68429,162,605,15
2025-11-29,akkermansia,Akkermansia,Gut Microbiome,Supplements,1,2025-11-29,31,0.48,1.6,8,41,2025-11-01,422,30232,325,30137,2025-11-15,0,0.036,14,13,0,0.034,17,2025-11-29,16108,47504,174,648,24
2025-11-29,cold-plunge,Cold Plunge,Cold Thermogenesis,Wellness Therapies,1,2025-11-29,105,0.4,5.7,13,132,2025-11-01,8896,603981,8629,570897,2025-11-15,0,0.075,46,37,0,-0.013,62,2025-11-29,1871947,8126208,1041,40370,1041
2025-11-29,cortisol-face,Cortisol Face,Cortisol / Stress Hormones,Mental Wellness,1,2025-11-29,134,5.35,56.1,141,1185,2025-11-01,5860,228028,2910,211438,2025-11-15,0,-0.015,26,55,0,0.055,79,2025-11-29,4069379,20109319,8751,114255,2603
2025-11-29,fiber-maxing,Fiber-maxing,Dietary Fiber,Diet & Nutrition,1,2025-11-29,43,0.47,31.6,7,664,2025-11-01,238,4494,558,13076,2025-11-15,1,0.0,0,0,1,0.0,0,2025-11-29,393633,1617586,1298,3902,111
2025-11-29,glp1-revolution,GLP-1 Revolution,GLP-1 Receptor Agonists,Prescription Medications,1,2025-11-29,4,0.5,0.8,3,16,2025-11-01,138,6412,174,5536,2025-11-15,0,0.026,16,10,0,0.044,3,2025-11-29,205027,1384262,1141,7876,161
2025-11-29,methylene-blue,Methylene Blue,Cellular Energy,Supplements,1,2025-11-29,182,4.47,12.2,102,453,2025-11-01,946,21769,658,22083,2025-11-15,0,-0.064,99,92,0,-0.459,100,2025-11-29,206095,839447,2260,8355,261
2025-11-29,mouth-taping,Mouth Taping,Nasal Breathing,Sleep & Recovery,1,2025-11-29,140,0.69,2.0,16,73,2025-11-01,9056,1258887,16905,1065979,2025-11-15,0,-0.006,76,78,0,-0.135,89,2025-11-29,1087426,7189160,5925,51213,1319
2025-11-29,peptide-therapy,Peptide Therapy,Therapeutic Peptides,Advanced Medical Therapies,1,2025-11-29,47,0.15,1.2,7,40,2025-11-01,195,18155,208,16857,2025-11-15,0,0.013,12,11,0,0.123,16,2025-11-29,103443,236182,749,2765,108
2025-11-29,red-light-therapy,Red Light Therapy,Photobiomodulation,Wellness Therapies,1,2025-11-29,35,0.45,2.4,12,73,2025-11-01,623,18429,426,18155,2025-11-15,0,0.039,18,17,0,0.147,16,2025-11-29,289137,1539920,586,7883,262
2025-11-29,spermidine,Spermidine,Autophagy,Supplements,1,2025-11-29,20,1.34,14.0,18,146,2025-11-01,200,7754,275,7916,2025-11-15,0,0.097,16,12,0,0.114,24,2025-11-29,22032,117578,46,694,22
2025-11-29,urolithin-a,Urolithin A,Mitochondrial Health,Supplements,1,2025-11-29,23,0.07,0.5,1,17,2025-11-01,173,5266,129,4827,2025-11-15,0,0.099,13,8,0,0.065,13,2025-11-29,32472,168599,61,1377,24
2025-11-29,wolverine-stack,Wolverine Stack,Peptides,Supplements,1,2025-11-29,27,0.05,0.7,6,29,2025-11-01,65,5086,62,5332,2025-11-15,0,0.032,10,8,0,0.046,4,2025-11-29,15812,64557,197,548,17
2025-12-06,akkermansia,Akkermansia,Gut Microbiome,Supplements,1,2025-12-06,34,0.47,1.8,10,36,2025-12-01,631,53218,479,39845,2025-11-15,0,0.036,14,13,0,0.034,17,2025-11-29,16108,47504,174,648,24
2025-12-06,cold-plunge,Cold Plunge,Cold Thermogenesis,Wellness Therapies,1,2025-12-06,99,0.36,4.9,13,139,2025-12-01,8641,570708,9149,622824,2025-11-15,0,0.075,46,37,0,-0.013,62,2025-11-29,1871947,8126208,1041,40370,1041
2025-12-06,cortisol-face,Cortisol Face,Cortisol / Stress Hormones,Mental Wellness,1,2025-12-06,150,5.17,54.5,148,1335,2025-12-01,8229,407392,4494,354760,2025-11-15,0,-0.015,26,55,0,0.055,79,2025-11-29,4069379,20109319,8751,114255,2603
2025-12-06,fiber-maxing,Fiber-maxing,Dietary Fiber,Diet & Nutrition,1,2025-12-06,49,0.48,33.0,8,621,2025-12-01,347,7591,999,23413,2025-11-15,1,0.0,0,0,1,0.0,0,2025-11-29,393633,1617586,1298,3902,111
2025-12-06,glp1-revolution,GLP-1 Revolution,GLP-1 Receptor Agonists,Prescription Medications,1,2025-12-06,5,0.48,1.0,4,16,2025-12-01,167,9184,250,7435,2025-11-15,0,0.026,16,10,0,0.044,3,2025-11-29,205027,1384262,1141,7876,161
2025-12-06,methylene-blue,Methylene Blue,Cellular Energy,Supplements,1,2025-12-06,167,4.78,14.0,119,535,2025-12-01,811,20827,610,19915,2025-11-15,0,-0.064,99,92,0,-0.459,100,2025-11-29,206095,839447,2260,8355,261
2025-12-06,mouth-taping,Mouth Taping,Nasal Breathing,Sleep & Recovery,1,2025-12-06,131,0.7,2.2,16,79,2025-12-01,7261,1014514,14078,1086712,2025-11-15,0,-0.006,76,78,0,-0.135,89,2025-11-29,1087426,7189160,5925,51213,1319
2025-12-06,peptide-therapy,Peptide Therapy,Therapeutic Peptides,Advanced Medical Therapies,1,2025-12-06,47,0.14,1.1,7,40,2025-12-01,306,24173,280,23296,2025-11-15,0,0.013,12,11,0,0.123,16,2025-11-29,103443,236182,749,2765,108
2025-12-06,red-light-therapy,Red Light Therapy,Photobiomodulation,Wellness Therapies,1,2025-12-06,40,0.48,2.7,12,73,2025-12-01,831,24514,563,25240,2025-11-15,0,0.039,18,17,0,0.147,16,2025-11-29,289137,1539920,586,7883,262
2025-12-06,spermidine,Spermidine,Autophagy,Supplements,1,2025-12-06,17,1.32,13.1,20,170,2025-12-01,194,9041,275,8297,2025-11-15,0,0.097,16,12,0,0.114,24,2025-11-29,22032,117578,46,694,22
2025-12-06,urolithin-a,Urolithin A,Mitochondrial Health,Supplements,1,2025-12-06,22,0.08,0.6,2,15,2025-12-01,211,7811,168,5947,2025-11-15,0,0.099,13,8,0,0.065,13,2025-11-29,32472,168599,61,1377,24
2025-12-06,wolverine-stack,Wolverine Stack,Peptides,Supplements,1,2025-12-06,31,0.06,0.7,6,33,2025-12-01,87,7122,89,7508,2025-11-15,0,0.032,10,8,0,0.046,4,2025-11-29,15812,64557,197,548,17
2025-12-13,akkermansia,Akkermansia,Gut Microbiome,Supplements,1,2025-12-13,34,0.48,2.0,10,43,2025-12-01,631,53218,479,39845,2025-11-15,0,0.036,14,13,0,0.034,17,2025-12-13,16771,59513,224,559,30
2025-12-13,cold-plunge,Cold Plunge,Cold Thermogenesis,Wellness Therapies,1,2025-12-13,111,0.38,5.3,15,132,2025-12-01,8641,570708,9149,622824,2025-11-15,0,0.075,46,37,0,-0.013,62,2025-12-13,1931634,9096460,1068,47249,1144
2025-12-13,cortisol-face,Cortisol Face,Cortisol / Stress Hormones,Mental Wellness,1,2025-12-13,171,6.36,58.8,167,1415,2025-12-01,8229,407392,4494,354760,2025-11-15,0,-0.015,26,55,0,0.055,79,2025-12-13,5042374,25360904,10566,151493,3014
2025-12-13,fiber-maxing,Fiber-maxing,Dietary Fiber,Diet & Nutrition,1,2025-12-13,49,0.52,42.5,9,752,2025-12-01,347,7591,999,23413,2025-11-15,1,0.0,0,0,1,0.0,0,2025-12-13,369473,2388798,1736,5005,134
2025-12-13,glp1-revolution,GLP-1 Revolution,GLP-1 Receptor Agonists,Prescription Medications,1,2025-12-13,5,0.61,1.0,4,14,2025-12-01,167,9184,250,7435,2025-11-15,0,0.026,16,10,0,0.044,3,2025-12-13,235789,1680647,1169,9467,204
2025-12-13,methylene-blue,Methylene Blue,Cellular Energy,Supplements,1,2025-12-13,169,3.92,13.8,122,473,2025-12-01,811,20827,610,19915,2025-11-15,0,-0.064,99,92,0,-0.459,100,2025-12-13,228828,875745,2163,8487,269
2025-12-13,mouth-taping,Mouth Taping,Nasal Breathing,Sleep & Recovery,1,2025-12-13,127,0.76,1.9,17,78,2025-12-01,7261,1014514,14078,1086712,2025-11-15,0,-0.006,76,78,0,-0.135,89,2025-12-13,991470,6401476,6190,37687,1040
2025-12-13,peptide-therapy,Peptide Therapy,Therapeutic Peptides,Advanced Medical Therapies,1,2025-12-13,61,0.17,1.4,8,46,2025-12-01,306,24173,280,23296,2025-11-15,0,0.013,12,11,0,0.123,16,2025-12-13,84059,280037,917,3407,115
2025-12-13,red-light-therapy,Red Light Therapy,Photobiomodulation,Wellness Therapies,1,2025-12-13,41,0.5,2.9,15,90,2025-12-01,831,24514,563,25240,2025-11-15,0,0.039,18,17,0,0.147,16,2025-12-13,251169,1818213,911,9268,226
2025-12-13,spermidine,Spermidine,Autophagy,Supplements,1,2025-12-13,19,1.38,15.4,20,167,2025-12-01,194,9041,275,8297,2025-11-15,0,0.097,16,12,0,0.114,24,2025-12-13,23371,111668,48,830,29
2025-12-13,urolithin-a,Urolithin A,Mitochondrial Health,Supplements,1,2025-12-13,26,0.08,0.7,2,17,2025-12-01,211,7811,168,5947,2025-11-15,0,0.099,13,8,0,0.065,13,2025-12-13,37191,176895,90,1471,33
2025-12-13,wolverine-stack,Wolverine Stack,Peptides,Supplements,1,2025-12-13,29,0.07,0.8,6,37,2025-12-01,87,7122,89,7508,2025-11-15,0,0.032,10,8,0,0.046,4,2025-12-13,22511,85361,170,738,16
2025-12-20,akkermansia,Akkermansia,Gut Microbiome,Supplements,1,2025-12-20,35,0.57,1.8,10,49,2025-12-01,631,53218,479,39845,2025-11-15,0,0.036,14,13,0,0.034,17,2025-12-13,16771,59513,224,559,30
2025-12-20,cold-plunge,Cold Plunge,Cold Thermogenesis,Wellness Therapies,1,2025-12-20,110,0.41,5.7,16,121,2025-12-01,8641,570708,9149,622824,2025-11-15,0,0.075,46,37,0,-0.013,62,2025-12-13,1931634,9096460,1068,47249,1144
2025-12-20,cortisol-face,Cortisol Face,Cortisol / Stress Hormones,Mental Wellness,1,2025-12-20,181,6.42,62.6,160,1567,2025-12-01,8229,407392,4494,354760,2025-11-15,0,-0.015,26,55,0,0.055,79,2025-12-13,5042374,25360904,10566,151493,3014
2025-12-20,fiber-maxing,Fiber-maxing,Dietary Fiber,Diet & Nutrition,1,2025-12-20,59,0.57,39.9,9,722,2025-12-01,347,7591,999,23413,2025-11-15,1,0.0,0,0,1,0.0,0,2025-12-13,369473,2388798,1736,5005,134
2025-12-20,glp1-revolution,GLP-1 Revolution,GLP-1 Receptor Agonists,Prescription Medications,1,2025-12-20,5,0.6,0.9,3,16,2025-12-01,167,9184,250,7435,2025-11-15,0,0.026,16,10,0,0.044,3,2025-12-13,235789,1680647,1169,9467,204
2025-12-20,methylene-blue,Methylene Blue,Cellular Energy,Supplements,1,2025-12-20,162,4.44,11.5,96,460,2025-12-01,811,20827,610,19915,2025-11-15,0,-0.064,99,92,0,-0.459,100,2025-12-13,228828,875745,2163,8487,269
2025-12-20,mouth-taping,Mouth Taping,Nasal Breathing,Sleep & Recovery,1,2025-12-20,145,0.62,2.1,15,61,2025-12-01,7261,1014514,14078,1086712,2025-11-15,0,-0.006,76,78,0,-0.135,89,2025-12-13,991470,6401476,6190,37687,1040
2025-12-20,peptide-therapy,Peptide Therapy,Therapeutic Peptides,Advanced Medical Therapies,1,2025-12-20,56,0.16,1.3,8,44,2025-12-01,306,24173,280,23296,2025-11-15,0,0.013,12,11,0,0.123,16,2025-12-13,84059,280037,917,3407,115
2025-12-20,red-light-therapy,Red Light Therapy,Photobiomodulation,Wellness Therapies,1,2025-12-20,46,0.59,2.8,15,99,2025-12-01,831,24514,563,25240,2025-11-15,0,0.039,18,17,0,0.147,16,2025-12-13,251169,1818213,911,9268,226
2025-12-20,spermidine,Spermidine,Autophagy,Supplements,1,2025-12-20,19,1.47,15.3,20,161,2025-12-01,194,9041,275,8297,2025-11-15,0,0.097,16,12,0,0.114,24,2025-12-13,23371,111668,48,830,29
2025-12-20,urolithin-a,Urolithin A,Mitochondrial Health,Supplements,1,2025-12-20,25,0.08,0.6,2,20,2025-12-01,211,7811,168,5947,2025-11-15,0,0.099,13,8,0,0.065,13,2025-12-13,37191,176895,90,1471,33
2025-12-20,wolverine-stack,Wolverine Stack,Peptides,Supplements,1,2025-12-20,28,0.07,0.8,7,42,2025-12-01,87,7122,89,7508,2025-11-15,0,0.032,10,8,0,0.046,4,2025-12-13,22511,85361,170,738,16
2025-12-27,akkermansia,Akkermansia,Gut Microbiome,Supplements,1,2025-12-27,42,0.59,2.0,13,49,2025-12-01,631,53218,479,39845,2025-11-15,0,0.036,14,13,0,0.034,17,2025-12-27,20471,57488,248,696,25
2025-12-27,cold-plunge,Cold Plunge,Cold Thermogenesis,Wellness Therapies,1,2025-12-27,103,0.4,5.9,16,124,2025-12-01,8641,570708,9149,622824,2025-11-15,0,0.075,46,37,0,-0.013,62,2025-12-27,1544915,8965316,901,41641,937
2025-12-27,cortisol-face,Cortisol Face,Cortisol / Stress Hormones,Mental Wellness,1,2025-12-27,187,6.55,68.8,172,1796,2025-12-01,8229,407392,4494,354760,2025-11-15,0,-0.015,26,55,0,0.055,79,2025-12-27,4537843,31945478,14749,171512,4122
2025-12-27,fiber-maxing,Fiber-maxing,Dietary Fiber,Diet & Nutrition,1,2025-12-27,58,0.58,47.4,8,854,2025-12-01,347,7591,999,23413,2025-11-15,1,0.0,0,0,1,0.0,0,2025-12-27,402634,2204601,1539,5294,133
2025-12-27,glp1-revolution,GLP-1 Revolution,GLP-1 Receptor Agonists,Prescription Medications,1,2025-12-27,6,0.6,1.0,4,17,2025-12-01,167,9184,250,7435,2025-11-15,0,0.026,16,10,0,0.044,3,2025-12-27,265841,1422611,1330,9840,221
2025-12-27,methylene-blue,Methylene Blue,Cellular Energy,Supplements,1,2025-12-27,171,4.31,13.2,104,458,2025-12-01,811,20827,610,19915,2025-11-15,0,-0.064,99,92,0,-0.459,100,2025-12-27,210030,761647,2604,9957,333
2025-12-27,mouth-taping,Mouth Taping,Nasal Breathing,Sleep & Recovery,1,2025-12-27,143,0.67,2.0,17,70,2025-12-01,7261,1014514,14078,1086712,2025-11-15,0,-0.006,76,78,0,-0.135,89,2025-12-27,1068414,7785577,6890,40024,1207
2025-12-27,peptide-therapy,Peptide Therapy,Therapeutic Peptides,Advanced Medical Therapies,1,2025-12-27,69,0.19,1.3,10,53,2025-12-01,306,24173,280,23296,2025-11-15,0,0.013,12,11,0,0.123,16,2025-12-27,104621,258267,873,3361,121
2025-12-27,red-light-therapy,Red Light Therapy,Photobiomodulation,Wellness Therapies,1,2025-12-27,48,0.59,3.0,17,99,2025-12-01,831,24514,563,25240,2025-11-15,0,0.039,18,17,0,0.147,16,2025-12-27,394665,2028232,1057,11634,275
2025-12-27,spermidine,Spermidine,Autophagy,Supplements,1,2025-12-27,22,1.52,13.7,22,155,2025-12-01,194,9041,275,8297,2025-11-15,0,0.097,16,12,0,0.114,24,2025-12-27,23638,167493,51,651,23
2025-12-27,urolithin-a,Urolithin A,Mitochondrial Health,Supplements,1,2025-12-27,29,0.09,0.8,2,22,2025-12-01,211,7811,168,5947,2025-11-15,0,0.099,13,8,0,0.065,13,2025-12-27,43544,225569,78,1883,35
2025-12-27,wolverine-stack,Wolverine Stack,Peptides,Supplements,1,2025-12-27,30,0.08,0.8,7,42,2025-12-01,87,7122,89,7508,2025-11-15,0,0.032,10,8,0,0.046,4,2025-12-27,24020,89029,266,790,22
2026-01-03,akkermansia,Akkermansia,Gut Microbiome,Supplements,1,2026-01-03,35,0.62,2.1,11,53,2026-01-01,766,57732,625,53802,2026-01-01,0,0.046,21,20,0,0.051,27,2025-12-27,20471,57488,248,696,25
2026-01-03,cold-plunge,Cold Plunge,Cold Thermogenesis,Wellness Therapies,1,2026-01-03,94,0.41,5.8,14,136,2026-01-01,10762,711476,9601,603225,2026-01-01,0,0.106,49,44,0,-0.016,72,2025-12-27,1544915,8965316,901,41641,937
2026-01-03,cortisol-face,Cortisol Face,Cortisol / Stress Hormones,Mental Wellness,1,2026-01-03,171,6.61,64.0,181,1646,2026-01-01,9358,404590,6158,459727,2026-01-01,0,-0.027,51,91,0,0.123,100,2025-12-27,4537843,31945478,14749,171512,4122
2026-01-03,fiber-maxing,Fiber-maxing,Dietary Fiber,Diet & Nutrition,1,2026-01-03,52,0.63,43.1,9,804,2026-01-01,419,7319,1209,29438,2026-01-01,1,0.0,0,0,1,0.0,0,2025-12-27,402634,2204601,1539,5294,133
2026-01-03,glp1-revolution,GLP-1 Revolution,GLP-1 Receptor Agonists,Prescription Medications,1,2026-01-03,6,0.72,1.3,4,19,2026-01-01,225,12138,327,9655,2026-01-01,0,0.04,31,14,0,0.091,5,2025-12-27,265841,1422611,1330,9840,221
2026-01-03,methylene-blue,Methylene Blue,Cellular Energy,Supplements,1,2026-01-03,151,4.24,12.3,96,489,2026-01-01,733,21078,607,18790,2026-01-01,0,-0.043,90,86,0,-0.325,93,2025-12-27,210030,761647,2604,9957,333
2026-01-03,mouth-taping,Mouth Taping,Nasal Breathing,Sleep & Recovery,1,2026-01-03,119,0.71,1.9,17,70,2026-01-01,6775,1080094,14973,897729,2026-01-01,0,-0.004,64,70,0,-0.099,75,2025-12-27,1068414,7785577,6890,40024,1207
2026-01-03,peptide-therapy,Peptide Therapy,Therapeutic Peptides,Advanced Medical Therapies,1,2026-01-03,71,0.19,1.6,10,52,2026-01-01,373,26559,382,25057,2026-01-01,0,0.019,21,15,0,0.221,27,2025-12-27,104621,258267,873,3361,121
2026-01-03,red-light-therapy,Red Light Therapy,Photobiomodulation,Wellness Therapies,1,2026-01-03,51,0.59,3.1,17,102,2026-01-01,1084,38673,746,30728,2026-01-01,0,0.068,29,24,0,0.192,24,2025-12-27,394665,2028232,1057,11634,275
2026-01-03,spermidine,Spermidine,Autophagy,Supplements,1,2026-01-03,21,1.45,14.2,19,162,2026-01-01,251,9528,344,9413,2026-01-01,0,0.118,17,13,0,0.105,32,2025-12-27,23638,167493,51,651,23
2026-01-03,urolithin-a,Urolithin A,Mitochondrial Health,Supplements,1,2026-01-03,32,0.1,0.7,2,22,2026-01-01,252,10016,227,8462,2026-01-01,0,0.17,24,12,0,0.116,21,2025-12-27,43544,225569,78,1883,35
2026-01-03,wolverine-stack,Wolverine Stack,Peptides,Supplements,1,2026-01-03,35,0.07,1.0,8,41,2026-01-01,121,9677,117,9244,2026-01-01,0,0.039,15,12,0,0.084,5,2025-12-27,24020,89029,266,790,22
2026-01-10,akkermansia,Akkermansia,Gut Microbiome,Supplements,1,2026-01-10,41,0.58,2.5,13,51,2026-01-01,766,57732,625,53802,2026-01-01,0,0.046,21,20,0,0.051,27,2026-01-10,17718,62284,254,937,28
2026-01-10,cold-plunge,Cold Plunge,Cold Thermogenesis,Wellness Therapies,1,2026-01-10,94,0.43,5.3,14,152,2026-01-01,10762,711476,9601,603225,2026-01-01,0,0.106,49,44,0,-0.016,72,2026-01-10,1825811,9898167,1191,47674,1384
2026-01-10,cortisol-face,Cortisol Face,Cortisol / Stress Hormones,Mental Wellness,1,2026-01-10,163,6.53,61.9,156,1659,2026-01-01,9358,404590,6158,459727,2026-01-01,0,-0.027,51,91,0,0.123,100,2026-01-10,4411424,30932097,13193,138251,3289
2026-01-10,fiber-maxing,Fiber-maxing,Dietary Fiber,Diet & Nutrition,1,2026-01-10,60,0.55,37.4,9,824,2026-01-01,419,7319,1209,29438,2026-01-01,1,0.0,0,0,1,0.0,0,2026-01-10,351401,2516889,1500,4667,138
2026-01-10,glp1-revolution,GLP-1 Revolution,GLP-1 Receptor Agonists,Prescription Medications,1,2026-01-10,6,0.71,1.2,4,20,2026-01-01,225,12138,327,9655,2026-01-01,0,0.04,31,14,0,0.091,5,2026-01-10,239731,1775381,1181,11962,319
2026-01-10,methylene-blue,Methylene Blue,Cellular Energy,Supplements,1,2026-01-10,158,4.04,12.7,102,486,2026-01-01,733,21078,607,18790,2026-01-01,0,-0.043,90,86,0,-0.325,93,2026-01-10,203579,812187,2669,8828,252
2026-01-10,mouth-taping,Mouth Taping,Nasal Breathing,Sleep & Recovery,1,2026-01-10,137,0.66,1.9,15,58,2026-01-01,6775,1080094,14973,897729,2026-01-01,0,-0.004,64,70,0,-0.099,75,2026-01-10,1251251,7555707,5319,33528,1064
2026-01-10,peptide-therapy,Peptide Therapy,Therapeutic Peptides,Advanced Medical Therapies,1,2026-01-10,69,0.19,1.6,11,56,2026-01-01,373,26559,382,25057,2026-01-01,0,0.019,21,15,0,0.221,27,2026-01-10,131250,317444,1067,4766,146
2026-01-10,red-light-therapy,Red Light Therapy,Photobiomodulation,Wellness Therapies,1,2026-01-10,55,0.67,3.3,17,108,2026-01-01,1084,38673,746,30728,2026-01-01,0,0.068,29,24,0,0.192,24,2026-01-10,312969,2220971,817,14597,342
2026-01-10,spermidine,Spermidine,Autophagy,Supplements,1,2026-01-10,22,1.65,16.2,19,192,2026-01-01,251,9528,344,9413,2026-01-01,0,0.118,17,13,0,0.105,32,2026-01-10,26130,147563,71,912,24
2026-01-10,urolithin-a,Urolithin A,Mitochondrial Health,Supplements,1,2026-01-10,32,0.1,0.8,2,19,2026-01-01,252,10016,227,8462,2026-01-01,0,0.17,24,12,0,0.116,21,2026-01-10,57533,243676,78,1878,34
2026-01-10,wolverine-stack,Wolverine Stack,Peptides,Supplements,1,2026-01-10,36,0.09,1.0,8,40,2026-01-01,121,9677,117,9244,2026-01-01,0,0.039,15,12,0,0.084,5,2026-01-10,26704,108425,228,746,26
2026-01-17,akkermansia,Akkermansia,Gut Microbiome,Supplements,1,2026-01-17,41,0.67,2.2,15,56,2026-01-01,766,57732,625,53802,2026-01-01,0,0.046,21,20,0,0.051,27,2026-01-10,17718,62284,254,937,28
2026-01-17,cold-plunge,Cold Plunge,Cold Thermogenesis,Wellness Therapies,1,2026-01-17,102,0.39,5.1,16,126,2026-01-01,10762,711476,9601,603225,2026-01-01,0,0.106,49,44,0,-0.016,72,2026-01-10,1825811,9898167,1191,47674,1384
2026-01-17,cortisol-face,Cortisol Face,Cortisol / Stress Hormones,Mental Wellness,1,2026-01-17,162,5.79,58.2,159,1466,2026-01-01,9358,404590,6158,459727,2026-01-01,0,-0.027,51,91,0,0.123,100,2026-01-10,4411424,30932097,13193,138251,3289
2026-01-17,fiber-maxing,Fiber-maxing,Dietary Fiber,Diet & Nutrition,1,2026-01-17,52,0.51,40.3,9,788,2026-01-01,419,7319,1209,29438,2026-01-01,1,0.0,0,0,1,0.0,0,2026-01-10,351401,2516889,1500,4667,138
2026-01-17,glp1-revolution,GLP-1 Revolution,GLP-1 Receptor Agonists,Prescription Medications,1,2026-01-17,7,0.66,1.3,5,21,2026-01-01,225,12138,327,9655,2026-01-01,0,0.04,31,14,0,0.091,5,2026-01-10,239731,1775381,1181,11962,319
2026-01-17,methylene-blue,Methylene Blue,Cellular Energy,Supplements,1,2026-01-17,157,3.75,12.3,99,445,2026-01-01,733,21078,607,18790,2026-01-01,0,-0.043,90,86,0,-0.325,93,2026-01-10,203579,812187,2669,8828,252
2026-01-17,mouth-taping,Mouth Taping,Nasal Breathing,Sleep & Recovery,1,2026-01-17,132,0.66,1.8,17,71,2026-01-01,6775,1080094,14973,897729,2026-01-01,0,-0.004,64,70,0,-0.099,75,2026-01-10,1251251,7555707,5319,33528,1064
2026-01-17,peptide-therapy,Peptide Therapy,Therapeutic Peptides,Advanced Medical Therapies,1,2026-01-17,65,0.22,1.8,11,56,2026-01-01,373,26559,382,25057,2026-01-01,0,0.019,21,15,0,0.221,27,2026-01-10,131250,317444,1067,4766,146
2026-01-17,red-light-therapy,Red Light Therapy,Photobiomodulation,Wellness Therapies,1,2026-01-17,53,0.7,3.4,18,122,2026-01-01,1084,38673,746,30728,2026-01-01,0,0.068,29,24,0,0.192,24,2026-01-10,312969,2220971,817,14597,342
2026-01-17,spermidine,Spermidine,Autophagy,Supplements,1,2026-01-17,24,1.63,17.2,21,182,2026-01-01,251,9528,344,9413,2026-01-01,0,0.118,17,13,0,0.105,32,2026-01-10,26130,147563,71,912,24
2026-01-17,urolithin-a,Urolithin A,Mitochondrial Health,Supplements,1,2026-01-17,37,0.1,0.8,3,23,2026-01-01,252,10016,227,8462,2026-01-01,0,0.17,24,12,0,0.116,21,2026-01-10,57533,243676,78,1878,34
2026-01-17,wolverine-stack,Wolverine Stack,Peptides,Supplements,1,2026-01-17,40,0.09,1.1,7,47,2026-01-01,121,9677,117,9244,2026-01-01,0,0.039,15,12,0,0.084,5,2026-01-10,26704,108425,228,746,26
2026-01-24,akkermansia,Akkermansia,Gut Microbiome,Supplements,1,2026-01-24,40,0.72,2.4,15,61,2026-01-01,766,57732,625,53802,2026-01-01,0,0.046,21,20,0,0.051,27,2026-01-24,24556,84295,228,872,34
2026-01-24,cold-plunge,Cold Plunge,Cold Thermogenesis,Wellness Therapies,1,2026-01-24,110,0.42,5.4,16,135,2026-01-01,10762,711476,9601,603225,2026-01-01,0,0.106,49,44,0,-0.016,72,2026-01-24,1549223,8386172,1005,48316,1351
2026-01-24,cortisol-face,Cortisol Face,Cortisol / Stress Hormones,Mental Wellness,1,2026-01-24,169,6.32,60.7,153,1353,2026-01-01,9358,404590,6158,459727,2026-01-01,0,-0.027,51,91,0,0.123,100,2026-01-24,4266074,28304400,10131,167917,2875
2026-01-24,fiber-maxing,Fiber-maxing,Dietary Fiber,Diet & Nutrition,1,2026-01-24,57,0.53,36.1,8,733,2026-01-01,419,7319,1209,29438,2026-01-01,1,0.0,0,0,1,0.0,0,2026-01-24,378839,1973422,1450,5775,163
2026-01-24,glp1-revolution,GLP-1 Revolution,GLP-1 Receptor Agonists,Prescription Medications,1,2026-01-24,8,0.7,1.4,6,20,2026-01-01,225,12138,327,9655,2026-01-01,0,0.04,31,14,0,0.091,5,2026-01-24,324942,1694476,1582,10991,309
2026-01-24,methylene-blue,Methylene Blue,Cellular Energy,Supplements,1,2026-01-24,148,4.18,10.3,107,435,2026-01-01,733,21078,607,18790,2026-01-01,0,-0.043,90,86,0,-0.325,93,2026-01-24,230213,635645,2095,7651,215
2026-01-24,mouth-taping,Mouth Taping,Nasal Breathing,Sleep & Recovery,1,2026-01-24,113,0.6,1.9,13,65,2026-01-01,6775,1080094,14973,897729,2026-01-01,0,-0.004,64,70,0,-0.099,75,2026-01-24,1114645,5282480,5602,41143,970
2026-01-24,peptide-therapy,Peptide Therapy,Therapeutic Peptides,Advanced Medical Therapies,1,2026-01-24,72,0.24,1.8,11,60,2026-01-01,373,26559,382,25057,2026-01-01,0,0.019,21,15,0,0.221,27,2026-01-24,123899,357737,1149,4152,144
2026-01-24,red-light-therapy,Red Light Therapy,Photobiomodulation,Wellness Therapies,1,2026-01-24,61,0.63,4.1,18,115,2026-01-01,1084,38673,746,30728,2026-01-01,0,0.068,29,24,0,0.192,24,2026-01-24,408720,3188746,1268,14273,360
2026-01-24,spermidine,Spermidine,Autophagy,Supplements,1,2026-01-24,21,1.58,15.7,19,167,2026-01-01,251,9528,344,9413,2026-01-01,0,0.118,17,13,0,0.105,32,2026-01-24,30085,146552,59,744,34
2026-01-24,urolithin-a,Urolithin A,Mitochondrial Health,Supplements,1,2026-01-24,34,0.12,0.9,2,25,2026-01-01,252,10016,227,8462,2026-01-01,0,0.17,24,12,0,0.116,21,2026-01-24,60107,290971,125,2124,47
2026-01-24,wolverine-stack,Wolverine Stack,Peptides,Supplements,1,2026-01-24,40,0.09,1.2,8,56,2026-01-01,121,9677,117,9244,2026-01-01,0,0.039,15,12,0,0.084,5,2026-01-24,23814,116621,300,818,26
2026-01-31,akkermansia,Akkermansia,Gut Microbiome,Supplements,1,2026-01-31,46,0.7,2.5,15,58,2026-01-01,766,57732,625,53802,2026-01-01,0,0.046,21,20,0,0.051,27,2026-01-24,24556,84295,228,872,34
2026-01-31,cold-plunge,Cold Plunge,Cold Thermogenesis,Wellness Therapies,1,2026-01-31,107,0.41,6.2,15,147,2026-01-01,10762,711476,9601,603225,2026-01-01,0,0.106,49,44,0,-0.016,72,2026-01-24,1549223,8386172,1005,48316,1351
2026-01-31,cortisol-face,Cortisol Face,Cortisol / Stress Hormones,Mental Wellness,1,2026-01-31,150,5.52,61.5,166,1403,2026-01-01,9358,404590,6158,459727,2026-01-01,0,-0.027,51,91,0,0.123,100,2026-01-24,4266074,28304400,10131,167917,2875
2026-01-31,fiber-maxing,Fiber-maxing,Dietary Fiber,Diet & Nutrition,1,2026-01-31,45,0.53,37.1,8,617,2026-01-01,419,7319,1209,29438,2026-01-01,1,0.0,0,0,1,0.0,0,2026-01-24,378839,1973422,1450,5775,163
2026-01-31,glp1-revolution,GLP-1 Revolution,GLP-1 Receptor Agonists,Prescription Medications,1,2026-01-31,8,0.78,1.3,5,23,2026-01-01,225,12138,327,9655,2026-01-01,0,0.04,31,14,0,0.091,5,2026-01-24,324942,1694476,1582,10991,309
2026-01-31,methylene-blue,Methylene Blue,Cellular Energy,Supplements,1,2026-01-31,137,3.84,11.1,95,389,2026-01-01,733,21078,607,18790,2026-01-01,0,-0.043,90,86,0,-0.325,93,2026-01-24,230213,635645,2095,7651,215
2026-01-31,mouth-taping,Mouth Taping,Nasal Breathing,Sleep & Recovery,1,2026-01-31,109,0.63,1.9,15,60,2026-01-01,6775,1080094,14973,897729,2026-01-01,0,-0.004,64,70,0,-0.099,75,2026-01-24,1114645,5282480,5602,41143,970
2026-01-31,peptide-therapy,Peptide Therapy,Therapeutic Peptides,Advanced Medical Therapies,1,2026-01-31,81,0.21,2.0,12,67,2026-01-01,373,26559,382,25057,2026-01-01,0,0.019,21,15,0,0.221,27,2026-01-24,123899,357737,1149,4152,144
2026-01-31,red-light-therapy,Red Light Therapy,Photobiomodulation,Wellness Therapies,1,2026-01-31,69,0.78,4.3,21,117,2026-01-01,1084,38673,746,30728,2026-01-01,0,0.068,29,24,0,0.192,24,2026-01-24,408720,3188746,1268,14273,360
2026-01-31,spermidine,Spermidine,Autophagy,Supplements,1,2026-01-31,24,1.55,17.8,21,185,2026-01-01,251,9528,344,9413,2026-01-01,0,0.118,17,13,0,0.105,32,2026-01-24,30085,146552,59,744,34
2026-01-31,urolithin-a,Urolithin A,Mitochondrial Health,Supplements,1,2026-01-31,39,0.12,0.9,3,25,2026-01-01,252,10016,227,8462,2026-01-01,0,0.17,24,12,0,0.116,21,2026-01-24,60107,290971,125,2124,47
2026-01-31,wolverine-stack,Wolverine Stack,Peptides,Supplements,1,2026-01-31,37,0.1,1.1,8,55,2026-01-01,121,9677,117,9244,2026-01-01,0,0.039,15,12,0,0.084,5,2026-01-24,23814,116621,300,818,26
2026-02-07,akkermansia,Akkermansia,Gut Microbiome,Supplements,1,2026-02-07,52,0.8,2.8,16,56,2026-02-01,1012,62628,719,62683,2026-01-01,0,0.046,21,20,0,0.051,27,2026-02-07,26570,97459,268,1046,31
2026-02-07,cold-plunge,Cold Plunge,Cold Thermogenesis,Wellness Therapies,1,2026-02-07,112,0.4,5.7,14,132,2026-02-01,10544,530240,10907,688407,2026-01-01,0,0.106,49,44,0,-0.016,72,2026-02-07,2130232,8749688,860,48076,1155
2026-02-07,cortisol-face,Cortisol Face,Cortisol / Stress Hormones,Mental Wellness,1,2026-02-07,139,5.23,56.2,157,1548,2026-02-01,8011,347636,5745,375143,2026-01-01,0,-0.027,51,91,0,0.123,100,2026-02-07,3403867,20041632,8957,136158,2827
2026-02-07,fiber-maxing,Fiber-maxing,Dietary Fiber,Diet & Nutrition,1,2026-02-07,53,0.52,36.2,7,689,2026-02-01,327,8221,1041,27754,2026-01-01,1,0.0,0,0,1,0.0,0,2026-02-07,441863,1647763,1206,5670,163
2026-02-07,glp1-revolution,GLP-1 Revolution,GLP-1 Receptor Agonists,Prescription Medications,1,2026-02-07,8,0.83,1.3,5,25,2026-02-01,263,12676,409,12027,2026-01-01,0,0.04,31,14,0,0.091,5,2026-02-07,317767,1767212,1743,12458,320
2026-02-07,methylene-blue,Methylene Blue,Cellular Energy,Supplements,1,2026-02-07,138,3.58,11.1,103,384,2026-02-01,655,20067,534,20735,2026-01-01,0,-0.043,90,86,0,-0.325,93,2026-02-07,202082,719156,2596,9093,274
2026-02-07,mouth-taping,Mouth Taping,Nasal Breathing,Sleep & Recovery,1,2026-02-07,116,0.58,1.7,14,58,2026-02-01,6061,956355,13401,781053,2026-01-01,0,-0.004,64,70,0,-0.099,75,2026-02-07,960579,5536134,4208,37986,1033
2026-02-07,peptide-therapy,Peptide Therapy,Therapeutic Peptides,Advanced Medical Therapies,1,2026-02-07,85,0.26,1.9,13,63,2026-02-01,407,31955,478,35445,2026-01-01,0,0.019,21,15,0,0.221,27,2026-02-07,150321,337311,1395,4994,131
2026-02-07,red-light-therapy,Red Light Therapy,Photobiomodulation,Wellness Therapies,1,2026-02-07,70,0.69,3.9,19,111,2026-02-01,1056,35407,924,43367,2026-01-01,0,0.068,29,24,0,0.192,24,2026-02-07,391996,3276178,991,17644,327
2026-02-07,spermidine,Spermidine,Autophagy,Supplements,1,2026-02-07,23,1.81,18.3,22,212,2026-02-01,289,10992,374,10281,2026-01-01,0,0.118,17,13,0,0.105,32,2026-02-07,31575,142953,78,758,25
2026-02-07,urolithin-a,Urolithin A,Mitochondrial Health,Supplements,1,2026-02-07,39,0.13,0.9,3,26,2026-02-01,351,9278,285,10680,2026-01-01,0,0.17,24,12,0,0.116,21,2026-02-07,58122,344364,113,2423,47
2026-02-07,wolverine-stack,Wolverine Stack,Peptides,Supplements,1,2026-02-07,42,0.1,1.2,9,56,2026-02-01,133,11547,133,11586,2026-01-01,0,0.039,15,12,0,0.084,5,2026-02-07,29694,97129,330,1192,30
2026-02-14,akkermansia,Akkermansia,Gut Microbiome,Supplements,1,2026-02-14,46,0.79,2.7,17,58,2026-02-01,1012,62628,719,62683,2026-01-01,0,0.046,21,20,0,0.051,27,2026-02-07,26570,97459,268,1046,31
2026-02-14,cold-plunge,Cold Plunge,Cold Thermogenesis,Wellness Therapies,1,2026-02-14,98,0.38,5.7,14,127,2026-02-01,10544,530240,10907,688407,2026-01-01,0,0.106,49,44,0,-0.016,72,2026-02-07,2130232,8749688,860,48076,1155
2026-02-14,cortisol-face,Cortisol Face,Cortisol / Stress Hormones,Mental Wellness,1,2026-02-14,142,5.1,56.1,124,1229,2026-02-01,8011,347636,5745,375143,2026-01-01,0,-0.027,51,91,0,0.123,100,2026-02-07,3403867,20041632,8957,136158,2827
2026-02-14,fiber-maxing,Fiber-maxing,Dietary Fiber,Diet & Nutrition,1,2026-02-14,43,0.5,35.6,8,661,2026-02-01,327,8221,1041,27754,2026-01-01,1,0.0,0,0,1,0.0,0,2026-02-07,441863,1647763,1206,5670,163
2026-02-14,glp1-revolution,GLP-1 Revolution,GLP-1 Receptor Agonists,Prescription Medications,1,2026-02-14,7,0.94,1.6,6,27,2026-02-01,263,12676,409,12027,2026-01-01,0,0.04,31,14,0,0.091,5,2026-02-07,317767,1767212,1743,12458,320
2026-02-14,methylene-blue,Methylene Blue,Cellular Energy,Supplements,1,2026-02-14,145,3.51,11.2,100,431,2026-02-01,655,20067,534,20735,2026-01-01,0,-0.043,90,86,0,-0.325,93,2026-02-07,202082,719156,2596,9093,274
2026-02-14,mouth-taping,Mouth Taping,Nasal Breathing,Sleep & Recovery,1,2026-02-14,124,0.54,1.8,13,63,2026-02-01,6061,956355,13401,781053,2026-01-01,0,-0.004,64,70,0,-0.099,75,2026-02-07,960579,5536134,4208,37986,1033
2026-02-14,peptide-therapy,Peptide Therapy,Therapeutic Peptides,Advanced Medical Therapies,1,2026-02-14,88,0.26,2.1,13,60,2026-02-01,407,31955,478,35445,2026-01-01,0,0.019,21,15,0,0.221,27,2026-02-07,150321,337311,1395,4994,131
2026-02-14,red-light-therapy,Red Light Therapy,Photobiomodulation,Wellness Therapies,1,2026-02-14,70,0.82,4.2,22,144,2026-02-01,1056,35407,924,43367,2026-01-01,0,0.068,29,24,0,0.192,24,2026-02-07,391996,3276178,991,17644,327
2026-02-14,spermidine,Spermidine,Autophagy,Supplements,1,2026-02-14,24,1.74,16.5,24,180,2026-02-01,289,10992,374,10281,2026-01-01,0,0.118,17,13,0,0.105,32,2026-02-07,31575,142953,78,758,25
2026-02-14,urolithin-a,Urolithin A,Mitochondrial Health,Supplements,1,2026-02-14,41,0.13,1.1,3,27,2026-02-01,351,9278,285,10680,2026-01-01,0,0.17,24,12,0,0.116,21,2026-02-07,58122,344364,113,2423,47
2026-02-14,wolverine-stack,Wolverine Stack,Peptides,Supplements,1,2026-02-14,42,0.09,1.3,10,54,2026-02-01,133,11547,133,11586,2026-01-01,0,0.039,15,12,0,0.084,5,2026-02-07,29694,97129,330,1192,30
2026-02-21,akkermansia,Akkermansia,Gut Microbiome,Supplements,1,2026-02-21,57,0.75,2.7,16,73,2026-02-01,1012,62628,719,62683,2026-02-15,0,0.047,32,27,0,0.049,39,2026-02-21,25397,105927,358,995,36
2026-02-21,cold-plunge,Cold Plunge,Cold Thermogenesis,Wellness Therapies,1,2026-02-21,109,0.42,6.0,14,124,2026-02-01,10544,530240,10907,688407,2026-02-15,0,0.113,53,40,0,-0.019,72,2026-02-21,1983732,10593328,943,51544,1017
2026-02-21,cortisol-face,Cortisol Face,Cortisol / Stress Hormones,Mental Wellness,1,2026-02-21,151,5.25,53.3,130,1348,2026-02-01,8011,347636,5745,375143,2026-02-15,0,-0.016,44,72,0,0.069,100,2026-02-21,4228715,22303078,10434,116157,2552
2026-02-21,fiber-maxing,Fiber-maxing,Dietary Fiber,Diet & Nutrition,1,2026-02-21,44,0.46,31.8,7,633,2026-02-01,327,8221,1041,27754,2026-02-15,1,0.0,0,0,1,0.0,0,2026-02-21,298870,1766910,1456,4677,106
2026-02-21,glp1-revolution,GLP-1 Revolution,GLP-1 Receptor Agonists,Prescription Medications,1,2026-02-21,8,0.91,1.5,7,26,2026-02-01,263,12676,409,12027,2026-02-15,0,0.051,37,21,0,0.089,6,2026-02-21,366517,2152769,1948,16024,315
2026-02-21,methylene-blue,Methylene Blue,Cellular Energy,Supplements,1,2026-02-21,147,3.27,11.2,89,405,2026-02-01,655,20067,534,20735,2026-02-15,0,-0.049,72,84,0,-0.262,87,2026-02-21,222166,495831,1886,6683,286
2026-02-21,mouth-taping,Mouth Taping,Nasal Breathing,Sleep & Recovery,1,2026-02-21,118,0.52,1.6,12,54,2026-02-01,6061,956355,13401,781053,2026-02-15,0,-0.003,59,69,0,-0.086,74,2026-02-21,847306,6553327,4378,36823,816
2026-02-21,peptide-therapy,Peptide Therapy,Therapeutic Peptides,Advanced Medical Therapies,1,2026-02-21,98,0.26,2.2,14,75,2026-02-01,407,31955,478,35445,2026-02-15,0,0.017,23,21,0,0.257,33,2026-02-21,179145,414915,1225,5324,184
2026-02-21,red-light-therapy,Red Light Therapy,Photobiomodulation,Wellness Therapies,1,2026-02-21,71,0.87,4.7,22,124,2026-02-01,1056,35407,924,43367,2026-02-15,0,0.061,42,32,0,0.226,32,2026-02-21,457535,3406801,1202,17438,397
2026-02-21,spermidine,Spermidine,Autophagy,Supplements,1,2026-02-21,22,1.69,18.3,24,187,2026-02-01,289,10992,374,10281,2026-02-15,0,0.093,21,17,0,0.13,35,2026-02-21,30415,177678,78,893,27
2026-02-21,urolithin-a,Urolithin A,Mitochondrial Health,Supplements,1,2026-02-21,43,0.13,1.0,3,28,2026-02-01,351,9278,285,10680,2026-02-15,0,0.173,27,16,0,0.118,28,2026-02-21,79757,371931,124,2287,51
2026-02-21,wolverine-stack,Wolverine Stack,Peptides,Supplements,1,2026-02-21,44,0.11,1.2,10,62,2026-02-01,133,11547,133,11586,2026-02-15,0,0.041,21,13,0,0.077,7,2026-02-21,32737,110807,293,934,27
2026-02-28,akkermansia,Akkermansia,Gut Microbiome,Supplements,1,2026-02-28,60,0.78,3.0,17,74,2026-02-01,1012,62628,719,62683,2026-02-15,0,0.047,32,27,0,0.049,39,2026-02-21,25397,105927,358,995,36
2026-02-28,cold-plunge,Cold Plunge,Cold Thermogenesis,Wellness Therapies,1,2026-02-28,116,0.4,5.3,15,140,2026-02-01,10544,530240,10907,688407,2026-02-15,0,0.113,53,40,0,-0.019,72,2026-02-21,1983732,10593328,943,51544,1017
2026-02-28,cortisol-face,Cortisol Face,Cortisol / Stress Hormones,Mental Wellness,1,2026-02-28,149,5.01,48.2,140,1219,2026-02-01,8011,347636,5745,375143,2026-02-15,0,-0.016,44,72,0,0.069,100,2026-02-21,4228715,22303078,10434,116157,2552
2026-02-28,fiber-maxing,Fiber-maxing,Dietary Fiber,Diet & Nutrition,1,2026-02-28,48,0.44,34.1,8,559,2026-02-01,327,8221,1041,27754,2026-02-15,1,0.0,0,0,1,0.0,0,2026-02-21,298870,1766910,1456,4677,106
2026-02-28,glp1-revolution,GLP-1 Revolution,GLP-1 Receptor Agonists,Prescription Medications,1,2026-02-28,9,0.94,1.6,6,29,2026-02-01,263,12676,409,12027,2026-02-15,0,0.051,37,21,0,0.089,6,2026-02-21,366517,2152769,1948,16024,315
2026-02-28,methylene-blue,Methylene Blue,Cellular Energy,Supplements,1,2026-02-28,143,3.63,9.3,93,395,2026-02-01,655,20067,534,20735,2026-02-15,0,-0.049,72,84,0,-0.262,87,2026-02-21,222166,495831,1886,6683,286
2026-02-28,mouth-taping,Mouth Taping,Nasal Breathing,Sleep & Recovery,1,2026-02-28,113,0.59,1.7,13,62,2026-02-01,6061,956355,13401,781053,2026-02-15,0,-0.003,59,69,0,-0.086,74,2026-02-21,847306,6553327,4378,36823,816
2026-02-28,peptide-therapy,Peptide Therapy,Therapeutic Peptides,Advanced Medical Therapies,1,2026-02-28,85,0.26,2.3,14,64,2026-02-01,407,31955,478,35445,2026-02-15,0,0.017,23,21,0,0.257,33,2026-02-21,179145,414915,1225,5324,184
2026-02-28,red-light-therapy,Red Light Therapy,Photobiomodulation,Wellness Therapies,1,2026-02-28,80,0.85,4.3,25,146,2026-02-01,1056,35407,924,43367,2026-02-15,0,0.061,42,32,0,0.226,32,2026-02-21,457535,3406801,1202,17438,397
2026-02-28,spermidine,Spermidine,Autophagy,Supplements,1,2026-02-28,24,1.73,18.4,24,203,2026-02-01,289,10992,374,10281,2026-02-15,0,0.093,21,17,0,0.13,35,2026-02-21,30415,177678,78,893,27
2026-02-28,urolithin-a,Urolithin A,Mitochondrial Health,Supplements,1,2026-02-28,47,0.14,1.0,3,32,2026-02-01,351,9278,285,10680,2026-02-15,0,0.173,27,16,0,0.118,28,2026-02-21,79757,371931,124,2287,51
2026-02-28,wolverine-stack,Wolverine Stack,Peptides,Supplements,1,2026-02-28,49,0.1,1.3,11,59,2026-02-01,133,11547,133,11586,2026-02-15,0,0.041,21,13,0,0.077,7,2026-02-21,32737,110807,293,934,27
2026-03-07,akkermansia,Akkermansia,Gut Microbiome,Supplements,1,2026-03-07,52,0.87,3.6,19,66,2026-03-01,1136,95914,894,87143,2026-02-15,0,0.047,32,27,0,0.049,39,2026-03-07,25966,90635,287,1288,48
2026-03-07,cold-plunge,Cold Plunge,Cold Thermogenesis,Wellness Therapies,1,2026-03-07,97,0.43,5.5,13,119,2026-03-01,10558,680857,10144,672199,2026-02-15,0,0.113,53,40,0,-0.019,72,2026-03-07,1823241,10820529,1227,36362,1323
2026-03-07,cortisol-face,Cortisol Face,Cortisol / Stress Hormones,Mental Wellness,1,2026-03-07,148,5.44,46.1,129,1370,2026-03-01,6903,318713,4842,369767,2026-02-15,0,-0.016,44,72,0,0.069,100,2026-03-07,3419097,21367308,9610,135381,2548
2026-03-07,fiber-maxing,Fiber-maxing,Dietary Fiber,Diet & Nutrition,1,2026-03-07,44,0.4,29.8,6,584,2026-03-01,346,7525,966,25785,2026-02-15,1,0.0,0,0,1,0.0,0,2026-03-07,329978,1791559,1096,3821,106
2026-03-07,glp1-revolution,GLP-1 Revolution,GLP-1 Receptor Agonists,Prescription Medications,1,2026-03-07,8,0.87,1.6,7,28,2026-03-01,338,13331,440,14420,2026-02-15,0,0.051,37,21,0,0.089,6,2026-03-07,412853,2043828,1960,14134,342
2026-03-07,methylene-blue,Methylene Blue,Cellular Energy,Supplements,1,2026-03-07,145,3.35,10.4,95,391,2026-03-01,651,15102,447,15476,2026-02-15,0,-0.049,72,84,0,-0.262,87,2026-03-07,198489,569174,1796,7685,228
2026-03-07,mouth-taping,Mouth Taping,Nasal Breathing,Sleep & Recovery,1,2026-03-07,111,0.51,1.7,14,62,2026-03-01,5396,830352,12418,727215,2026-02-15,0,-0.003,59,69,0,-0.086,74,2026-03-07,1068317,5920983,4254,31554,888
2026-03-07,peptide-therapy,Peptide Therapy,Therapeutic Peptides,Advanced Medical Therapies,1,2026-03-07,85,0.25,2.0,14,75,2026-03-01,513,46468,562,41374,2026-02-15,0,0.017,23,21,0,0.257,33,2026-03-07,181550,432304,1647,7229,200
2026-03-07,red-light-therapy,Red Light Therapy,Photobiomodulation,Wellness Therapies,1,2026-03-07,85,0.91,4.6,24,159,2026-03-01,1324,51531,1032,47266,2026-02-15,0,0.061,42,32,0,0.226,32,2026-03-07,431861,3072727,1655,18475,532
2026-03-07,spermidine,Spermidine,Autophagy,Supplements,1,2026-03-07,27,1.68,18.7,24,218,2026-03-01,299,12479,431,12433,2026-02-15,0,0.093,21,17,0,0.13,35,2026-03-07,34307,186895,85,906,28
2026-03-07,urolithin-a,Urolithin A,Mitochondrial Health,Supplements,1,2026-03-07,45,0.13,1.0,3,28,2026-03-01,359,12232,332,13232,2026-02-15,0,0.173,27,16,0,0.118,28,2026-03-07,62949,319272,113,2936,67
2026-03-07,wolverine-stack,Wolverine Stack,Peptides,Supplements,1,2026-03-07,45,0.11,1.2,11,63,2026-03-01,137,15344,163,11690,2026-02-15,0,0.041,21,13,0,0.077,7,2026-03-07,32893,153191,390,1371,32
2026-03-14,akkermansia,Akkermansia,Gut Microbiome,Supplements,1,2026-03-14,54,0.85,3.2,18,68,2026-03-01,1136,95914,894,87143,2026-02-15,0,0.047,32,27,0,0.049,39,2026-03-07,25966,90635,287,1288,48
2026-03-14,cold-plunge,Cold Plunge,Cold Thermogenesis,Wellness Therapies,1,2026-03-14,95,0.4,5.0,16,137,2026-03-01,10558,680857,10144,672199,2026-02-15,0,0.113,53,40,0,-0.019,72,2026-03-07,1823241,10820529,1227,36362,1323
2026-03-14,cortisol-face,Cortisol Face,Cortisol / Stress Hormones,Mental Wellness,1,2026-03-14,135,4.81,53.7,133,1194,2026-03-01,6903,318713,4842,369767,2026-02-15,0,-0.016,44,72,0,0.069,100,2026-03-07,3419097,21367308,9610,135381,2548
2026-03-14,fiber-maxing,Fiber-maxing,Dietary Fiber,Diet & Nutrition,1,2026-03-14,39,0.42,28.4,7,557,2026-03-01,346,7525,966,25785,2026-02-15,1,0.0,0,0,1,0.0,0,2026-03-07,329978,1791559,1096,3821,106
2026-03-14,glp1-revolution,GLP-1 Revolution,GLP-1 Receptor Agonists,Prescription Medications,1,2026-03-14,9,1.01,1.6,7,27,2026-03-01,338,13331,440,14420,2026-02-15,0,0.051,37,21,0,0.089,6,2026-03-07,412853,2043828,1960,14134,342
2026-03-14,methylene-blue,Methylene Blue,Cellular Energy,Supplements,1,2026-03-14,127,3.09,9.5,92,375,2026-03-01,651,15102,447,15476,2026-02-15,0,-0.049,72,84,0,-0.262,87,2026-03-07,198489,569174,1796,7685,228
2026-03-14,mouth-taping,Mouth Taping,Nasal Breathing,Sleep & Recovery,1,2026-03-14,95,0.53,1.6,12,58,2026-03-01,5396,830352,12418,727215,2026-02-15,0,-0.003,59,69,0,-0.086,74,2026-03-07,1068317,5920983,4254,31554,888
2026-03-14,peptide-therapy,Peptide Therapy,Therapeutic Peptides,Advanced Medical Therapies,1,2026-03-14,97,0.26,2.5,16,77,2026-03-01,513,46468,562,41374,2026-02-15,0,0.017,23,21,0,0.257,33,2026-03-07,181550,432304,1647,7229,200
2026-03-14,red-light-therapy,Red Light Therapy,Photobiomodulation,Wellness Therapies,1,2026-03-14,87,0.95,4.5,25,159,2026-03-01,1324,51531,1032,47266,2026-02-15,0,0.061,42,32,0,0.226,32,2026-03-07,431861,3072727,1655,18475,532
2026-03-14,spermidine,Spermidine,Autophagy,Supplements,1,2026-03-14,26,1.69,18.5,25,193,2026-03-01,299,12479,431,12433,2026-02-15,0,0.093,21,17,0,0.13,35,2026-03-07,34307,186895,85,906,28
2026-03-14,urolithin-a,Urolithin A,Mitochondrial Health,Supplements,1,2026-03-14,43,0.16,1.0,3,29,2026-03-01,359,12232,332,13232,2026-02-15,0,0.173,27,16,0,0.118,28,2026-03-07,62949,319272,113,2936,67
2026-03-14,wolverine-stack,Wolverine Stack,Peptides,Supplements,1,2026-03-14,55,0.13,1.7,11,67,2026-03-01,137,15344,163,11690,2026-02-15,0,0.041,21,13,0,0.077,7,2026-03-07,32893,153191,390,1371,32
2026-03-21,akkermansia,Akkermansia,Gut Microbiome,Supplements,1,2026-03-21,58,0.94,3.4,17,66,2026-03-01,1136,95914,894,87143,2026-02-15,0,0.047,32,27,0,0.049,39,2026-03-21,30016,117059,315,1094,52
2026-03-21,cold-plunge,Cold Plunge,Cold Thermogenesis,Wellness Therapies,1,2026-03-21,107,0.41,5.8,14,119,2026-03-01,10558,680857,10144,672199,2026-02-15,0,0.113,53,40,0,-0.019,72,2026-03-21,1568408,7795567,1107,47298,1289
2026-03-21,cortisol-face,Cortisol Face,Cortisol / Stress Hormones,Mental Wellness,1,2026-03-21,120,4.88,44.9,114,1081,2026-03-01,6903,318713,4842,369767,2026-02-15,0,-0.016,44,72,0,0.069,100,2026-03-21,3291205,17532654,8357,113247,2568
2026-03-21,fiber-maxing,Fiber-maxing,Dietary Fiber,Diet & Nutrition,1,2026-03-21,35,0.4,30.8,7,534,2026-03-01,346,7525,966,25785,2026-02-15,1,0.0,0,0,1,0.0,0,2026-03-21,347852,1496136,1041,3519,131
2026-03-21,glp1-revolution,GLP-1 Revolution,GLP-1 Receptor Agonists,Prescription Medications,1,2026-03-21,9,1.01,1.8,7,27,2026-03-01,338,13331,440,14420,2026-02-15,0,0.051,37,21,0,0.089,6,2026-03-21,366523,3017205,2444,17542,411
2026-03-21,methylene-blue,Methylene Blue,Cellular Energy,Supplements,1,2026-03-21,125,3.35,8.8,82,364,2026-03-01,651,15102,447,15476,2026-02-15,0,-0.049,72,84,0,-0.262,87,2026-03-21,152970,618035,2152,6840,236
2026-03-21,mouth-taping,Mouth Taping,Nasal Breathing,Sleep & Recovery,1,2026-03-21,104,0.47,1.4,12,51,2026-03-01,5396,830352,12418,727215,2026-02-15,0,-0.003,59,69,0,-0.086,74,2026-03-21,948679,5582822,5124,33202,971
2026-03-21,peptide-therapy,Peptide Therapy,Therapeutic Peptides,Advanced Medical Therapies,1,2026-03-21,105,0.28,2.3,15,86,2026-03-01,513,46468,562,41374,2026-02-15,0,0.017,23,21,0,0.257,33,2026-03-21,166158,565854,1252,5602,191
2026-03-21,red-light-therapy,Red Light Therapy,Photobiomodulation,Wellness Therapies,1,2026-03-21,90,0.94,5.2,27,164,2026-03-01,1324,51531,1032,47266,2026-02-15,0,0.061,42,32,0,0.226,32,2026-03-21,651481,4121456,1740,21283,397
2026-03-21,spermidine,Spermidine,Autophagy,Supplements,1,2026-03-21,25,1.79,17.9,23,199,2026-03-01,299,12479,431,12433,2026-02-15,0,0.093,21,17,0,0.13,35,2026-03-21,34191,215746,65,993,31
2026-03-21,urolithin-a,Urolithin A,Mitochondrial Health,Supplements,1,2026-03-21,44,0.15,1.1,3,32,2026-03-01,359,12232,332,13232,2026-02-15,0,0.173,27,16,0,0.118,28,2026-03-21,92662,359384,141,2652,52
2026-03-21,wolverine-stack,Wolverine Stack,Peptides,Supplements,1,2026-03-21,62,0.15,1.9,15,81,2026-03-01,137,15344,163,11690,2026-02-15,0,0.041,21,13,0,0.077,7,2026-03-21,43978,187597,458,1972,51
2026-03-28,akkermansia,Akkermansia,Gut Microbiome,Supplements,1,2026-03-28,56,0.93,3.5,17,75,2026-03-01,1136,95914,894,87143,2026-03-25,0,0.088,34,31,0,0.071,44,2026-03-21,30016,117059,315,1094,52
2026-03-28,cold-plunge,Cold Plunge,Cold Thermogenesis,Wellness Therapies,1,2026-03-28,109,0.35,5.5,15,129,2026-03-01,10558,680857,10144,672199,2026-03-25,0,0.147,48,39,0,-0.014,71,2026-03-21,1568408,7795567,1107,47298,1289
2026-03-28,cortisol-face,Cortisol Face,Cortisol / Stress Hormones,Mental Wellness,1,2026-03-28,127,4.59,48.7,106,1070,2026-03-01,6903,318713,4842,369767,2026-03-25,0,-0.019,36,59,0,0.076,81,2026-03-21,3291205,17532654,8357,113247,2568
2026-03-28,fiber-maxing,Fiber-maxing,Dietary Fiber,Diet & Nutrition,1,2026-03-28,41,0.39,29.7,6,538,2026-03-01,346,7525,966,25785,2026-03-25,1,0.0,0,0,1,0.0,0,2026-03-21,347852,1496136,1041,3519,131
2026-03-28,glp1-revolution,GLP-1 Revolution,GLP-1 Receptor Agonists,Prescription Medications,1,2026-03-28,9,1.01,1.8,7,27,2026-03-01,338,13331,440,14420,2026-03-25,0,0.112,45,24,0,0.106,8,2026-03-21,366523,3017205,2444,17542,411
2026-03-28,methylene-blue,Methylene Blue,Cellular Energy,Supplements,1,2026-03-28,117,3.45,8.8,82,388,2026-03-01,651,15102,447,15476,2026-03-25,0,-0.043,59,73,0,-0.26,70,2026-03-21,152970,618035,2152,6840,236
2026-03-28,mouth-taping,Mouth Taping,Nasal Breathing,Sleep & Recovery,1,2026-03-28,112,0.49,1.5,14,47,2026-03-01,5396,830352,12418,727215,2026-03-25,0,-0.003,49,59,0,-0.077,64,2026-03-21,948679,5582822,5124,33202,971
2026-03-28,peptide-therapy,Peptide Therapy,Therapeutic Peptides,Advanced Medical Therapies,1,2026-03-28,101,0.32,2.4,15,77,2026-03-01,513,46468,562,41374,2026-03-25,0,0.021,28,25,0,0.342,41,2026-03-21,166158,565854,1252,5602,191
2026-03-28,red-light-therapy,Red Light Therapy,Photobiomodulation,Wellness Therapies,1,2026-03-28,77,0.91,5.3,25,169,2026-03-01,1324,51531,1032,47266,2026-03-25,0,0.087,46,38,0,0.254,46,2026-03-21,651481,4121456,1740,21283,397
2026-03-28,spermidine,Spermidine,Autophagy,Supplements,1,2026-03-28,31,1.9,21.3,24,213,2026-03-01,299,12479,431,12433,2026-03-25,0,0.093,26,18,0,0.124,36,2026-03-21,34191,215746,65,993,31
2026-03-28,urolithin-a,Urolithin A,Mitochondrial Health,Supplements,1,2026-03-28,51,0.15,1.3,4,32,2026-03-01,359,12232,332,13232,2026-03-25,0,0.274,33,21,0,0.121,35,2026-03-21,92662,359384,141,2652,52
2026-03-28,wolverine-stack,Wolverine Stack,Peptides,Supplements,1,2026-03-28,79,0.19,2.2,20,121,2026-03-01,137,15344,163,11690,2026-03-25,0,0.075,32,24,0,0.173,13,2026-03-21,43978,187597,458,1972,51
2026-04-04,akkermansia,Akkermansia,Gut Microbiome,Supplements,1,2026-04-04,58,1.08,3.7,19,82,2026-04-01,1200,109310,1002,88651,2026-03-25,0,0.088,34,31,0,0.071,44,2026-04-04,26038,105176,303,1308,40
2026-04-04,cold-plunge,Cold Plunge,Cold Thermogenesis,Wellness Therapies,1,2026-04-04,105,0.4,5.5,14,135,2026-04-01,10073,585616,10206,530226,2026-03-25,0,0.147,48,39,0,-0.014,71,2026-04-04,1726692,9946975,804,41353,1234
2026-04-04,cortisol-face,Cortisol Face,Cortisol / Stress Hormones,Mental Wellness,1,2026-04-04,126,4.15,47.3,106,1170,2026-04-01,5973,235760,4108,283359,2026-03-25,0,-0.019,36,59,0,0.076,81,2026-04-04,2729378,17679662,6884,112416,2423
2026-04-04,fiber-maxing,Fiber-maxing,Dietary Fiber,Diet & Nutrition,1,2026-04-04,37,0.39,25.2,6,492,2026-04-01,264,4803,742,19139,2026-03-25,1,0.0,0,0,1,0.0,0,2026-04-04,247798,1743771,995,3110,90
2026-04-04,glp1-revolution,GLP-1 Revolution,GLP-1 Receptor Agonists,Prescription Medications,1,2026-04-04,9,1.13,1.8,7,31,2026-04-01,379,18619,514,18413,2026-03-25,0,0.112,45,24,0,0.106,8,2026-04-04,489729,3205089,2471,19382,472
2026-04-04,methylene-blue,Methylene Blue,Cellular Energy,Supplements,1,2026-04-04,118,2.93,8.8,87,340,2026-04-01,479,15456,440,14001,2026-03-25,0,-0.043,59,73,0,-0.26,70,2026-04-04,152959,467524,1942,7250,213
2026-04-04,mouth-taping,Mouth Taping,Nasal Breathing,Sleep & Recovery,1,2026-04-04,107,0.53,1.5,13,51,2026-04-01,4540,804095,10887,717720,2026-03-25,0,-0.003,49,59,0,-0.077,64,2026-04-04,982213,4361147,4299,35267,805
2026-04-04,peptide-therapy,Peptide Therapy,Therapeutic Peptides,Advanced Medical Therapies,1,2026-04-04,103,0.33,2.5,18,94,2026-04-01,612,49484,628,44938,2026-03-25,0,0.021,28,25,0,0.342,41,2026-04-04,178673,515042,1910,8089,217
2026-04-04,red-light-therapy,Red Light Therapy,Photobiomodulation,Wellness Therapies,1,2026-04-04,90,0.98,5.0,30,171,2026-04-01,1484,62407,1216,46984,2026-03-25,0,0.087,46,38,0,0.254,46,2026-04-04,631051,4347957,1471,17497,520
2026-04-04,spermidine,Spermidine,Autophagy,Supplements,1,2026-04-04,27,2.06,21.0,29,233,2026-04-01,327,15304,416,15031,2026-03-25,0,0.093,26,18,0,0.124,36,2026-04-04,29698,231520,77,977,39
2026-04-04,urolithin-a,Urolithin A,Mitochondrial Health,Supplements,1,2026-04-04,58,0.15,1.3,4,34,2026-04-01,476,13181,380,14220,2026-03-25,0,0.274,33,21,0,0.121,35,2026-04-04,99406,389884,162,3193,65
2026-04-04,wolverine-stack,Wolverine Stack,Peptides,Supplements,1,2026-04-04,113,0.23,3.0,22,122,2026-04-01,333,35777,337,22319,2026-03-25,0,0.075,32,24,0,0.173,13,2026-04-04,64187,246687,645,2586,75
2026-04-11,akkermansia,Akkermansia,Gut Microbiome,Supplements,1,2026-04-11,63,1.07,3.9,19,77,2026-04-01,1200,109310,1002,88651,2026-03-25,0,0.088,34,31,0,0.071,44,2026-04-04,26038,105176,303,1308,40
2026-04-11,cold-plunge,Cold Plunge,Cold Thermogenesis,Wellness Therapies,1,2026-04-11,98,0.38,5.0,14,133,2026-04-01,10073,585616,10206,530226,2026-03-25,0,0.147,48,39,0,-0.014,71,2026-04-04,1726692,9946975,804,41353,1234
2026-04-11,cortisol-face,Cortisol Face,Cortisol / Stress Hormones,Mental Wellness,1,2026-04-11,113,4.28,37.8,110,996,2026-04-01,5973,235760,4108,283359,2026-03-25,0,-0.019,36,59,0,0.076,81,2026-04-04,2729378,17679662,6884,112416,2423
2026-04-11,fiber-maxing,Fiber-maxing,Dietary Fiber,Diet & Nutrition,1,2026-04-11,37,0.39,26.3,6,427,2026-04-01,264,4803,742,19139,2026-03-25,1,0.0,0,0,1,0.0,0,2026-04-04,247798,1743771,995,3110,90
2026-04-11,glp1-revolution,GLP-1 Revolution,GLP-1 Receptor Agonists,Prescription Medications,1,2026-04-11,11,1.1,1.9,7,33,2026-04-01,379,18619,514,18413,2026-03-25,0,0.112,45,24,0,0.106,8,2026-04-04,489729,3205089,2471,19382,472
2026-04-11,methylene-blue,Methylene Blue,Cellular Energy,Supplements,1,2026-04-11,116,3.29,9.4,81,353,2026-04-01,479,15456,440,14001,2026-03-25,0,-0.043,59,73,0,-0.26,70,2026-04-04,152959,467524,1942,7250,213
2026-04-11,mouth-taping,Mouth Taping,Nasal Breathing,Sleep & Recovery,1,2026-04-11,84,0.45,1.3,12,52,2026-04-01,4540,804095,10887,717720,2026-03-25,0,-0.003,49,59,0,-0.077,64,2026-04-04,982213,4361147,4299,35267,805
2026-04-11,peptide-therapy,Peptide Therapy,Therapeutic Peptides,Advanced Medical Therapies,1,2026-04-11,102,0.33,2.8,18,80,2026-04-01,612,49484,628,44938,2026-03-25,0,0.021,28,25,0,0.342,41,2026-04-04,178673,515042,1910,8089,217
2026-04-11,red-light-therapy,Red Light Therapy,Photobiomodulation,Wellness Therapies,1,2026-04-11,86,1.07,5.7,31,154,2026-04-01,1484,62407,1216,46984,2026-03-25,0,0.087,46,38,0,0.254,46,2026-04-04,631051,4347957,1471,17497,520
2026-04-11,spermidine,Spermidine,Autophagy,Supplements,1,2026-04-11,26,2.04,22.4,30,251,2026-04-01,327,15304,416,15031,2026-03-25,0,0.093,26,18,0,0.124,36,2026-04-04,29698,231520,77,977,39
2026-04-11,urolithin-a,Urolithin A,Mitochondrial Health,Supplements,1,2026-04-11,55,0.17,1.3,4,32,2026-04-01,476,13181,380,14220,2026-03-25,0,0.274,33,21,0,0.121,35,2026-04-04,99406,389884,162,3193,65
2026-04-11,wolverine-stack,Wolverine Stack,Peptides,Supplements,1,2026-04-11,126,0.28,3.8,26,170,2026-04-01,333,35777,337,22319,2026-03-25,0,0.075,32,24,0,0.173,13,2026-04-04,64187,246687,645,2586,75
2026-04-18,akkermansia,Akkermansia,Gut Microbiome,Supplements,1,2026-04-18,64,0.95,3.9,20,77,2026-04-01,1200,109310,1002,88651,2026-03-25,0,0.088,34,31,0,0.071,44,2026-04-15,30182,91200,356,1203,41
2026-04-18,cold-plunge,Cold Plunge,Cold Thermogenesis,Wellness Therapies,1,2026-04-18,104,0.35,4.9,14,111,2026-04-01,10073,585616,10206,530226,2026-03-25,0,0.147,48,39,0,-0.014,71,2026-04-15,1836684,8686534,875,42564,1224
2026-04-18,cortisol-face,Cortisol Face,Cortisol / Stress Hormones,Mental Wellness,1,2026-04-18,111,3.9,38.0,95,979,2026-04-01,5973,235760,4108,283359,2026-03-25,0,-0.019,36,59,0,0.076,81,2026-04-15,2955076,19684206,6977,111948,2455
2026-04-18,fiber-maxing,Fiber-maxing,Dietary Fiber,Diet & Nutrition,1,2026-04-18,37,0.32,22.8,5,467,2026-04-01,264,4803,742,19139,2026-03-25,1,0.0,0,0,1,0.0,0,2026-04-15,251671,1438505,1027,3749,116
2026-04-18,glp1-revolution,GLP-1 Revolution,GLP-1 Receptor Agonists,Prescription Medications,1,2026-04-18,10,1.18,2.1,8,31,2026-04-01,379,18619,514,18413,2026-03-25,0,0.112,45,24,0,0.106,8,2026-04-15,412450,2993654,1827,19229,433
2026-04-18,methylene-blue,Methylene Blue,Cellular Energy,Supplements,1,2026-04-18,107,2.98,8.2,74,324,2026-04-01,479,15456,440,14001,2026-03-25,0,-0.043,59,73,0,-0.26,70,2026-04-15,185805,468208,1625,7303,180
2026-04-18,mouth-taping,Mouth Taping,Nasal Breathing,Sleep & Recovery,1,2026-04-18,98,0.46,1.3,11,48,2026-04-01,4540,804095,10887,717720,2026-03-25,0,-0.003,49,59,0,-0.077,64,2026-04-15,721578,5771596,4675,32741,917
2026-04-18,peptide-therapy,Peptide Therapy,Therapeutic Peptides,Advanced Medical Therapies,1,2026-04-18,116,0.35,2.5,17,83,2026-04-01,612,49484,628,44938,2026-03-25,0,0.021,28,25,0,0.342,41,2026-04-15,179346,475674,1491,5745,167
2026-04-18,red-light-therapy,Red Light Therapy,Photobiomodulation,Wellness Therapies,1,2026-04-18,89,0.98,5.9,27,157,2026-04-01,1484,62407,1216,46984,2026-03-25,0,0.087,46,38,0,0.254,46,2026-04-15,574443,4441096,1643,21363,498
2026-04-18,spermidine,Spermidine,Autophagy,Supplements,1,2026-04-18,28,2.21,19.3,30,244,2026-04-01,327,15304,416,15031,2026-03-25,0,0.093,26,18,0,0.124,36,2026-04-15,35966,208025,82,1129,38
2026-04-18,urolithin-a,Urolithin A,Mitochondrial Health,Supplements,1,2026-04-18,56,0.16,1.5,4,39,2026-04-01,476,13181,380,14220,2026-03-25,0,0.274,33,21,0,0.121,35,2026-04-15,78327,370731,164,2923,69
2026-04-18,wolverine-stack,Wolverine Stack,Peptides,Supplements,1,2026-04-18,158,0.37,4.5,31,180,2026-04-01,333,35777,337,22319,2026-03-25,0,0.075,32,24,0,0.173,13,2026-04-15,73825,285609,779,2439,53
2026-04-25,akkermansia,Akkermansia,Gut Microbiome,Supplements,1,2026-04-25,73,1.02,3.7,20,87,2026-04-01,1200,109310,1002,88651,2026-03-25,0,0.088,34,31,0,0.071,44,2026-04-15,30182,91200,356,1203,41
2026-04-25,cold-plunge,Cold Plunge,Cold Thermogenesis,Wellness Therapies,1,2026-04-25,101,0.37,5.0,14,123,2026-04-01,10073,585616,10206,530226,2026-03-25,0,0.147,48,39,0,-0.014,71,2026-04-15,1836684,8686534,875,42564,1224
2026-04-25,cortisol-face,Cortisol Face,Cortisol / Stress Hormones,Mental Wellness,1,2026-04-25,105,3.99,34.4,93,954,2026-04-01,5973,235760,4108,283359,2026-03-25,0,-0.019,36,59,0,0.076,81,2026-04-15,2955076,19684206,6977,111948,2455
2026-04-25,fiber-maxing,Fiber-maxing,Dietary Fiber,Diet & Nutrition,1,2026-04-25,33,0.3,22.8,5,398,2026-04-01,264,4803,742,19139,2026-03-25,1,0.0,0,0,1,0.0,0,2026-04-15,251671,1438505,1027,3749,116
2026-04-25,glp1-revolution,GLP-1 Revolution,GLP-1 Receptor Agonists,Prescription Medications,1,2026-04-25,11,1.27,2.2,8,34,2026-04-01,379,18619,514,18413,2026-03-25,0,0.112,45,24,0,0.106,8,2026-04-15,412450,2993654,1827,19229,433
2026-04-25,methylene-blue,Methylene Blue,Cellular Energy,Supplements,1,2026-04-25,123,2.75,8.8,67,291,2026-04-01,479,15456,440,14001,2026-03-25,0,-0.043,59,73,0,-0.26,70,2026-04-15,185805,468208,1625,7303,180
2026-04-25,mouth-taping,Mouth Taping,Nasal Breathing,Sleep & Recovery,1,2026-04-25,97,0.5,1.2,12,52,2026-04-01,4540,804095,10887,717720,2026-03-25,0,-0.003,49,59,0,-0.077,64,2026-04-15,721578,5771596,4675,32741,917
2026-04-25,peptide-therapy,Peptide Therapy,Therapeutic Peptides,Advanced Medical Therapies,1,2026-04-25,110,0.32,2.6,16,100,2026-04-01,612,49484,628,44938,2026-03-25,0,0.021,28,25,0,0.342,41,2026-04-15,179346,475674,1491,5745,167
2026-04-25,red-light-therapy,Red Light Therapy,Photobiomodulation,Wellness Therapies,1,2026-04-25,94,1.06,6.1,34,168,2026-04-01,1484,62407,1216,46984,2026-03-25,0,0.087,46,38,0,0.254,46,2026-04-15,574443,4441096,1643,21363,498
2026-04-25,spermidine,Spermidine,Autophagy,Supplements,1,2026-04-25,32,2.18,20.7,28,224,2026-04-01,327,15304,416,15031,2026-03-25,0,0.093,26,18,0,0.124,36,2026-04-15,35966,208025,82,1129,38
2026-04-25,urolithin-a,Urolithin A,Mitochondrial Health,Supplements,1,2026-04-25,53,0.19,1.3,4,37,2026-04-01,476,13181,380,14220,2026-03-25,0,0.274,33,21,0,0.121,35,2026-04-15,78327,370731,164,2923,69
2026-04-25,wolverine-stack,Wolverine Stack,Peptides,Supplements,1,2026-04-25,190,0.44,4.6,36,211,2026-04-01,333,35777,337,22319,2026-03-25,0,0.075,32,24,0,0.173,13,2026-04-15,73825,285609,779,2439,53
